First Name,Last Name,Phone,Email,Country,Zip Code
Riya,Reddy,9233984791,riya.reddy34@rediffmail.com,India,321565
Aditya,Gupta,7311224121,aditya.gupta6@gmail.com,India,725287
Ayaan,Gupta,9352807349,ayaan.gupta55@gmail.com,India,217560
Riya,Kumar,8607873538,riya.kumar16@hotmail.com,India,461937
Ayaan,Patel,7113734027,ayaan.patel82@hotmail.com,India,218609
Riya,Verma,9890216586,riya.verma89@gmail.com,India,237845
Riya,Chopra,8209278629,riya.chopra40@yahoo.com,India,522738
Ishaan,Patel,7868100538,ishaan.patel84@gmail.com,India,636554
Aditya,Verma,9823075878,aditya.verma56@outlook.com,India,323637
Diya,Gupta,7106506812,diya.gupta38@gmail.com,India,575543
Diya,Patel,7279295287,diya.patel30@gmail.com,India,819841
Aarav,Reddy,9679205193,aarav.reddy53@hotmail.com,India,422785
Riya,Chopra,9362845830,riya.chopra60@gmail.com,India,772202
Aarav,Verma,7505272842,aarav.verma12@hotmail.com,India,639440
Aditya,Patel,7286017060,aditya.patel88@gmail.com,India,258560
Ishaan,Verma,9590657363,ishaan.verma39@hotmail.com,India,793449
Riya,Mehta,8263165694,riya.mehta44@rediffmail.com,India,970514
Ananya,Gupta,8375412979,ananya.gupta86@rediffmail.com,India,608482
Krishna,Joshi,7293470586,krishna.joshi76@rediffmail.com,India,456172
Ishaan,Joshi,7836505279,ishaan.joshi97@rediffmail.com,India,550434
Riya,Chopra,7368409390,riya.chopra99@yahoo.com,India,719771
Aarav,Verma,9708152924,aarav.verma7@yahoo.com,India,791276
Riya,Joshi,8268621521,riya.joshi83@rediffmail.com,India,190718
Riya,Patel,8561550194,riya.patel81@yahoo.com,India,626497
Diya,Gupta,8214251619,diya.gupta94@rediffmail.com,India,363796
Riya,Kumar,8966842324,riya.kumar42@yahoo.com,India,409438
Diya,Sharma,8380534531,diya.sharma32@hotmail.com,India,483160
Ananya,Reddy,8699076249,ananya.reddy37@hotmail.com,India,351230
Ayaan,Chopra,9732637813,ayaan.chopra40@rediffmail.com,India,468383
Ishaan,Patel,9993890444,ishaan.patel85@rediffmail.com,India,108258
Aditya,Sharma,9371213110,aditya.sharma97@hotmail.com,India,206769
Riya,Reddy,7771993768,riya.reddy12@outlook.com,India,544092
Aditya,Joshi,9569786815,aditya.joshi11@gmail.com,India,816273
Ananya,Gupta,7124976180,ananya.gupta56@outlook.com,India,521652
Aditya,Patel,9820141434,aditya.patel46@hotmail.com,India,197785
Vivaan,Agarwal,8358793102,vivaan.agarwal62@outlook.com,India,604477
Ayaan,Mehta,9324790133,ayaan.mehta13@gmail.com,India,546472
Ishaan,Verma,7741584863,ishaan.verma30@outlook.com,India,393753
Aarav,Mehta,9987382771,aarav.mehta28@rediffmail.com,India,576397
Riya,Mehta,7187530079,riya.mehta23@hotmail.com,India,943637
Ananya,Gupta,7393146952,ananya.gupta7@hotmail.com,India,785633
Ayaan,Mehta,9686634153,ayaan.mehta50@gmail.com,India,201864
Ishaan,Joshi,7483080913,ishaan.joshi26@yahoo.com,India,307949
Vivaan,Mehta,7703338234,vivaan.mehta81@rediffmail.com,India,377358
Krishna,Joshi,7440156779,krishna.joshi17@gmail.com,India,205303
Ayaan,Kumar,7894499478,ayaan.kumar66@rediffmail.com,India,585947
Diya,Reddy,9305584284,diya.reddy63@rediffmail.com,India,319468
Ayaan,Reddy,8773591762,ayaan.reddy36@yahoo.com,India,356034
Ayaan,Mehta,8286029684,ayaan.mehta12@hotmail.com,India,756255
Ayaan,Chopra,7348063697,ayaan.chopra82@gmail.com,India,429954
Aditya,Sharma,7267438491,aditya.sharma32@outlook.com,India,630501
Ayaan,Agarwal,7221341404,ayaan.agarwal56@gmail.com,India,699709
Ishaan,Chopra,9319351193,ishaan.chopra36@rediffmail.com,India,200335
Aditya,Agarwal,8601546352,aditya.agarwal85@yahoo.com,India,707522
Aarav,Kumar,8226382181,aarav.kumar69@yahoo.com,India,428987
Aarav,Chopra,7657370521,aarav.chopra92@yahoo.com,India,362306
Ananya,Kumar,9849408101,ananya.kumar96@outlook.com,India,288531
Riya,Mehta,9979639534,riya.mehta69@hotmail.com,India,434486
Aarav,Patel,7590915984,aarav.patel50@outlook.com,India,493682
Ananya,Joshi,8463854144,ananya.joshi64@rediffmail.com,India,445688
Diya,Verma,9410647025,diya.verma67@yahoo.com,India,124580
Ayaan,Reddy,9732088141,ayaan.reddy40@hotmail.com,India,637338
Aarav,Reddy,8612718247,aarav.reddy85@yahoo.com,India,806474
Krishna,Agarwal,9135632046,krishna.agarwal29@rediffmail.com,India,569802
Ananya,Reddy,8444984526,ananya.reddy32@outlook.com,India,180748
Aditya,Reddy,9921534273,aditya.reddy76@rediffmail.com,India,350216
Aditya,Mehta,9238087247,aditya.mehta20@yahoo.com,India,832157
Krishna,Chopra,8708549631,krishna.chopra97@hotmail.com,India,206188
Ayaan,Joshi,9660197453,ayaan.joshi65@yahoo.com,India,431421
Diya,Reddy,7976408877,diya.reddy56@rediffmail.com,India,800518
Krishna,Verma,7949317319,krishna.verma53@hotmail.com,India,764218
Aditya,Kumar,9825780059,aditya.kumar33@hotmail.com,India,931008
Aditya,Joshi,8447127601,aditya.joshi25@gmail.com,India,854478
Ayaan,Chopra,9146903653,ayaan.chopra43@yahoo.com,India,248716
Diya,Reddy,8392209661,diya.reddy2@hotmail.com,India,477880
Ayaan,Joshi,8400812760,ayaan.joshi15@yahoo.com,India,504540
Ayaan,Patel,8918490105,ayaan.patel13@rediffmail.com,India,739650
Riya,Sharma,8794666230,riya.sharma37@rediffmail.com,India,559791
Ayaan,Gupta,8641416798,ayaan.gupta4@rediffmail.com,India,100177
Ayaan,Sharma,9815609789,ayaan.sharma68@rediffmail.com,India,682820
Ananya,Sharma,9335229273,ananya.sharma31@rediffmail.com,India,781168
Riya,Sharma,9471752459,riya.sharma80@yahoo.com,India,912611
Aarav,Kumar,7585006275,aarav.kumar71@gmail.com,India,873775
Kavya,Sharma,9265656531,kavya.sharma76@outlook.com,India,893558
Vivaan,Reddy,8109362116,vivaan.reddy14@rediffmail.com,India,893393
Kavya,Patel,9578040706,kavya.patel18@gmail.com,India,277394
Ayaan,Gupta,9397339116,ayaan.gupta14@outlook.com,India,533669
Riya,Agarwal,8323657964,riya.agarwal92@rediffmail.com,India,352746
Aarav,Patel,7435043421,aarav.patel88@gmail.com,India,817592
Krishna,Gupta,9389081666,krishna.gupta60@outlook.com,India,905347
Diya,Patel,7868195795,diya.patel79@outlook.com,India,617757
Krishna,Sharma,9314616766,krishna.sharma55@rediffmail.com,India,888510
Ananya,Chopra,8847812088,ananya.chopra71@rediffmail.com,India,658040
Ishaan,Chopra,9756993763,ishaan.chopra31@hotmail.com,India,259278
Aarav,Sharma,8788708097,aarav.sharma10@hotmail.com,India,583451
Aarav,Verma,9663903148,aarav.verma89@outlook.com,India,878403
Diya,Verma,8146881976,diya.verma54@rediffmail.com,India,961253
Ananya,Kumar,7103199380,ananya.kumar44@hotmail.com,India,490187
Aarav,Patel,9101547341,aarav.patel54@yahoo.com,India,473938
Aarav,Reddy,8225275860,aarav.reddy25@hotmail.com,India,454074
Krishna,Kumar,8237809247,krishna.kumar5@rediffmail.com,India,739560
Krishna,Mehta,8555080718,krishna.mehta16@hotmail.com,India,215258
Krishna,Mehta,9951347888,krishna.mehta48@gmail.com,India,953334
Riya,Sharma,9308464183,riya.sharma48@gmail.com,India,822551
Krishna,Joshi,7642727698,krishna.joshi95@outlook.com,India,466590
Ayaan,Patel,8806961698,ayaan.patel33@hotmail.com,India,726989
Riya,Patel,8413578775,riya.patel31@outlook.com,India,741042
Diya,Joshi,8605303159,diya.joshi90@gmail.com,India,251136
Aditya,Patel,7652146483,aditya.patel13@outlook.com,India,244844
Ayaan,Verma,7381479068,ayaan.verma80@gmail.com,India,145888
Krishna,Agarwal,9419552306,krishna.agarwal11@yahoo.com,India,642119
Ananya,Patel,8697242515,ananya.patel42@gmail.com,India,175672
Aditya,Agarwal,7388009726,aditya.agarwal43@hotmail.com,India,894407
Aditya,Mehta,7405653847,aditya.mehta53@yahoo.com,India,214920
Krishna,Reddy,8616650357,krishna.reddy76@rediffmail.com,India,992157
Ayaan,Mehta,7521909316,ayaan.mehta86@hotmail.com,India,812003
Aarav,Joshi,8390401225,aarav.joshi64@outlook.com,India,222526
Ananya,Patel,9211289478,ananya.patel20@rediffmail.com,India,143918
Ayaan,Sharma,8329868185,ayaan.sharma69@outlook.com,India,649985
Ishaan,Kumar,7962743116,ishaan.kumar57@gmail.com,India,231066
Ishaan,Chopra,9141329069,ishaan.chopra35@gmail.com,India,893306
Diya,Agarwal,7154775411,diya.agarwal53@hotmail.com,India,465042
Ananya,Kumar,7610141809,ananya.kumar66@gmail.com,India,701175
Diya,Gupta,7575019646,diya.gupta41@hotmail.com,India,507891
Krishna,Sharma,8745625189,krishna.sharma35@gmail.com,India,107609
Aditya,Sharma,9852021399,aditya.sharma71@gmail.com,India,974918
Vivaan,Gupta,8527959785,vivaan.gupta35@rediffmail.com,India,360767
Aditya,Chopra,7838830719,aditya.chopra78@gmail.com,India,306088
Vivaan,Chopra,9847104624,vivaan.chopra25@outlook.com,India,821095
Riya,Chopra,7803007730,riya.chopra14@yahoo.com,India,822585
Aditya,Mehta,8466067328,aditya.mehta45@rediffmail.com,India,443645
Vivaan,Gupta,9976280127,vivaan.gupta36@rediffmail.com,India,715823
Ishaan,Patel,8106348555,ishaan.patel73@gmail.com,India,761305
Aarav,Patel,9188668839,aarav.patel91@outlook.com,India,471393
Ishaan,Joshi,7253365539,ishaan.joshi78@hotmail.com,India,645538
Riya,Patel,9209869227,riya.patel11@gmail.com,India,286849
Ananya,Patel,7615121648,ananya.patel42@yahoo.com,India,298509
Aditya,Verma,9775616508,aditya.verma68@outlook.com,India,804268
Vivaan,Mehta,9196011788,vivaan.mehta45@rediffmail.com,India,628205
Kavya,Agarwal,7385579228,kavya.agarwal47@gmail.com,India,984583
Kavya,Mehta,9978100626,kavya.mehta11@yahoo.com,India,542507
Vivaan,Mehta,8952089336,vivaan.mehta85@yahoo.com,India,115551
Ananya,Joshi,9382947892,ananya.joshi60@rediffmail.com,India,754824
Diya,Gupta,8856554693,diya.gupta89@outlook.com,India,129369
Ishaan,Agarwal,8409558279,ishaan.agarwal11@rediffmail.com,India,665494
Diya,Chopra,9239173836,diya.chopra60@outlook.com,India,619362
Vivaan,Reddy,8975262979,vivaan.reddy77@gmail.com,India,612534
Ayaan,Patel,9960748363,ayaan.patel86@rediffmail.com,India,977613
Ananya,Patel,7238457007,ananya.patel6@outlook.com,India,589969
Riya,Agarwal,8313682333,riya.agarwal44@outlook.com,India,485627
Ishaan,Reddy,7968519196,ishaan.reddy30@gmail.com,India,440970
Ananya,Chopra,7875278117,ananya.chopra99@hotmail.com,India,747591
Krishna,Agarwal,9902129499,krishna.agarwal30@rediffmail.com,India,652773
Vivaan,Verma,7186154963,vivaan.verma97@outlook.com,India,895827
Kavya,Patel,8173666496,kavya.patel26@rediffmail.com,India,265991
Vivaan,Reddy,9221453768,vivaan.reddy55@gmail.com,India,619153
Ayaan,Reddy,7980828796,ayaan.reddy13@yahoo.com,India,977146
Aarav,Reddy,7259754499,aarav.reddy86@yahoo.com,India,389304
Aditya,Sharma,8898756048,aditya.sharma57@gmail.com,India,455166
Aditya,Agarwal,7744623578,aditya.agarwal11@outlook.com,India,776117
Kavya,Reddy,9308876362,kavya.reddy39@yahoo.com,India,115392
Diya,Joshi,7715819491,diya.joshi15@rediffmail.com,India,305810
Ananya,Chopra,7878022457,ananya.chopra68@outlook.com,India,666237
Ayaan,Patel,9614602890,ayaan.patel4@yahoo.com,India,411645
Ananya,Kumar,9847306340,ananya.kumar87@rediffmail.com,India,395837
Ayaan,Gupta,9607021509,ayaan.gupta7@rediffmail.com,India,993807
Vivaan,Sharma,9425232318,vivaan.sharma96@yahoo.com,India,691678
Ishaan,Gupta,8848114117,ishaan.gupta8@rediffmail.com,India,193617
Vivaan,Chopra,8708998945,vivaan.chopra96@rediffmail.com,India,490817
Ishaan,Gupta,9411850630,ishaan.gupta5@gmail.com,India,795646
Riya,Agarwal,7586864783,riya.agarwal29@gmail.com,India,582608
Ayaan,Sharma,8207373431,ayaan.sharma8@hotmail.com,India,922223
Riya,Verma,8473165710,riya.verma93@hotmail.com,India,822393
Aditya,Agarwal,8136989558,aditya.agarwal20@outlook.com,India,314614
Ananya,Chopra,8153027568,ananya.chopra78@yahoo.com,India,425911
Vivaan,Sharma,8939374599,vivaan.sharma16@gmail.com,India,166004
Aditya,Agarwal,8440677787,aditya.agarwal46@yahoo.com,India,622030
Kavya,Sharma,9175502870,kavya.sharma14@outlook.com,India,707855
Aarav,Gupta,8200222152,aarav.gupta33@gmail.com,India,605922
Vivaan,Agarwal,8214854221,vivaan.agarwal50@yahoo.com,India,560794
Ishaan,Chopra,7329508782,ishaan.chopra33@hotmail.com,India,859361
Ananya,Gupta,8147062801,ananya.gupta78@outlook.com,India,419116
Aarav,Kumar,7454746827,aarav.kumar38@outlook.com,India,206070
Kavya,Sharma,9589118164,kavya.sharma57@rediffmail.com,India,762137
Aarav,Verma,8289007493,aarav.verma19@yahoo.com,India,452265
Ananya,Patel,8666273190,ananya.patel23@outlook.com,India,542880
Aarav,Agarwal,7574345225,aarav.agarwal90@rediffmail.com,India,210525
Vivaan,Sharma,8528586611,vivaan.sharma57@rediffmail.com,India,663344
Kavya,Kumar,8402913006,kavya.kumar5@outlook.com,India,343136
Aarav,Gupta,7533920928,aarav.gupta75@hotmail.com,India,424861
Ayaan,Verma,9870478759,ayaan.verma62@gmail.com,India,504289
Ayaan,Sharma,9549474123,ayaan.sharma10@gmail.com,India,464543
Kavya,Patel,8612852896,kavya.patel30@yahoo.com,India,199923
Vivaan,Sharma,8215116724,vivaan.sharma12@rediffmail.com,India,528614
Aditya,Sharma,8199254020,aditya.sharma65@yahoo.com,India,427325
Aarav,Kumar,7758933279,aarav.kumar99@gmail.com,India,519925
Ananya,Joshi,7387432603,ananya.joshi91@outlook.com,India,866239
Diya,Reddy,7570090405,diya.reddy88@outlook.com,India,580278
Ayaan,Verma,7374973321,ayaan.verma67@outlook.com,India,995681
Ishaan,Verma,7684943653,ishaan.verma11@hotmail.com,India,899154
